Names,Website,Introduction,Phone Number,Address,Type,Opens At,Municipio
Río Café Restaurante,,None Found,+52 899 934 3599,"C. Independencia 325A, Río Bravo, 88959 Cdad. Río Bravo, Tamps., México",Restaurante, Cierra a las 10p.m.,Río Bravo
Restaurante la sauteña,,None Found,+52 899 853 1776,"88900, Av Francisco I. Madero 906, Río Bravo, Cdad. Río Bravo, Tamps., México",Restaurante, Cierra a las 11p.m.,Río Bravo
Restaurant El Indio,,None Found,+52 899 934 2034,"Morelos 111, Zona Centro, 88900 Cdad. Río Bravo, Tamps., México",Restaurante mexicano, 7:30a.m.,Río Bravo
Johnny’s Restaurant,,None Found,+52 899 300 6815,"88950, Porfirio Díaz 610, Cuauhtémoc, 88900 Cdad. Río Bravo, Tamps., México",Restaurante, Abre a las 9a.m.,Río Bravo
Santa Fe Cocina Mexicana,,None Found,+52 899 934 5507,"TLAXCALA CON CHIHUAHUA centro, 88900 Cdad. Río Bravo, Tamps., México",Restaurante mexicano, Cierra a las 11p.m.,Río Bravo
Tommy´s Restaurant,,None Found,+52 899 934 1466,"Av Sonora 717-B, Río Bravo, 88910 Cdad. Río Bravo, Tamps., México",Restaurante mexicano, Cierra a las 10:30p.m.,Río Bravo
Restaurante La Cantera,,None Found,,"Av Francisco I. Madero 405, Río Bravo, San Diego, 88910 Cdad. Río Bravo, Tamps., México",Restaurante, Cierra a las 11p.m.,Río Bravo
La 2egunda Ronda,,None Found,+52 899 414 1804,"Av Constitución 712, México, 88970 Cdad. Río Bravo, Tamps., México",Restaurante, Abre a las 12p.m.,Río Bravo
Cafe San Benito,facebook.com,None Found,+52 899 934 0407,"Av Francisco I. Madero 719, Centro, 88930 Cdad. Río Bravo, Tamps., México",Cafetería, Cierra a las 10p.m.,Río Bravo
Steak House,,None Found,+52 899 934 0006,"Av Constitución 215, Río Bravo, 88959 Cdad. Río Bravo, Tamps., México",Restaurante de brunch, Abre a las 8a.m.,Río Bravo
San Jose Restaurante,,None Found,+52 899 934 1907,"Av Francisco I. Madero 202, Río Bravo, 88901 Cdad. Río Bravo, Tamps., México",Restaurante mexicano, 7:30a.m.,Río Bravo
10-30 Café & Restaurant,,None Found,+52 899 449 0105,"Tamaulipas 303, Río Bravo 1, Río Bravo, 88950 Cdad. Río Bravo, Tamps., México",Restaurante, Cierra a las 4p.m.,Río Bravo
Fit Life,instagram.com,None Found,+52 899 129 1608,"Ignacio Aldama 211, Río Bravo 1, Río Bravo, 88950 Cdad. Río Bravo, Tamps., México",Restaurante, Abre a las 8a.m. del lun,Río Bravo
Junior's Drinks & Grill,facebook.com,None Found,+52 899 853 2296,"C. Jose Ma Morelos 800, Cuauhtémoc, 88950 Cdad. Río Bravo, Tamps., México",Parrilla, Abre a la 1p.m.,Río Bravo
Abejas Club,abejasclub.com,None Found,+52 899 934 8536,"Av Miguel Alemán 309, Río Bravo 2, Río Bravo, 88959 Cdad. Río Bravo, Tamps., México",Restaurante, Cierra a las 10p.m.,Río Bravo
Mariscos El Camaron Norteño,,None Found,+52 899 934 5194,"Av Francisco I. Madero #1545, Río Bravo 1, Río Bravo, 88900 Cdad. Río Bravo, Tamps., México",Marisquería, Abre a las 10:30a.m.,Río Bravo
Café Tatiaxca,,None Found,+52 899 934 9492,"C. Jose Ma Morelos 819, Río Bravo, 88950 Cdad. Río Bravo, Tamps., México",Cafetería, Abre a las 8a.m.,Río Bravo
Ajijole Tacos&wings,,None Found,,"Av Francisco I. Madero 415, Río Bravo, 88959 Cdad. Río Bravo, Tamps., México",Restaurante, Abre a las 9:30a.m.,Río Bravo
Sabor Natural,,None Found,+52 899 129 1674,"88910, Av Francisco I. Madero 214, Río Bravo, 88910 Cdad. Río Bravo, Tamps., México",Restaurante, Cierra a las 10p.m.,Río Bravo
El Metate De La Abuela,,None Found,+52 899 934 3686,"88940, Emilio Gómez 400, Arnulfo Martínez, 88900 Cdad. Río Bravo, Tamps., México",Restaurante, Abre a las 8a.m.,Río Bravo
Mariscos La Sauteña,,None Found,+52 899 934 3928,"88900, Juárez 112, Río Bravo, Cdad. Río Bravo, Tamps., México",Marisquería, Abre a las 10a.m.,Río Bravo
Birria el sabor original tj,,None Found,+52 899 138 9326,"5 de Febrero 408, Benito Juárez, 88930 Cdad. Río Bravo, Tamps., México",Restaurante de comida rápida, Cierra a las 2p.m.,Río Bravo
La tarasca Restaurant,,None Found,+52 899 934 9412,"Allende 108, Río Bravo, 88900 Cdad. Río Bravo, Tamps., México",Restaurante,,Río Bravo
Pescados y Mariscos Tommy’s RB,,None Found,+52 899 934 3455,"Av Francisco I. Madero #220 Ote, Río Bravo 2, Ferrocarril Centro, 88900 Cdad. Río Bravo, Tamps., México",Marisquería, Abre a las 10a.m.,Río Bravo
Hamburguesas Mexico,,None Found,+52 899 140 5080,"Av Miguel Alemán 119-130, Río Bravo, 88910 Cdad. Río Bravo, Tamps., México",Hamburguesería, Abre a las 12p.m.,Río Bravo
Taqueria Poza Rica,,None Found,+52 899 934 3319,"88910, Av Constitución 307, Río Bravo, Cdad. Río Bravo, Tamps., México",Taquería, Cierra a las 3p.m.,Río Bravo
Café Lalitos,,None Found,+52 899 934 3583,"Durango 105, Río Bravo, 88910 Cdad. Río Bravo, Tamps., México",Restaurante, Cierra a las 9p.m.,Río Bravo
Encinos Café&Bistro,,None Found,+52 899 456 4849,"Av Las Americas 197, Río Bravo 2, Río Bravo, 88950 Cdad. Río Bravo, Tamps., México",Restaurante familiar, Cierra a las 10p.m.,Río Bravo
La Terraza Wings & Ribs,,None Found,+52 899 213 5904,"C. Tlaxcala 500, Río Bravo, Ferrocarril Centro, 88900 Cdad. Río Bravo, Tamps., México",Restaurante de alas de pollo, Abre a la 1p.m.,Río Bravo
"Restaurante ""Lalitos""",,None Found,,"Fraccionamiento 78-80, 88950 Cdad. Río Bravo, Tamps., México",Restaurante,,Río Bravo
Ok Pancho,,None Found,+52 899 934 5522,"Carretera a Reynosa S/N, Campestre, 88930 Tamps., México",Restaurante mexicano, Abre a las 8a.m.,Río Bravo
Mariscos El Mar Suc. 1,,None Found,+52 899 853 2459,"Av Francisco I. Madero 1, Río Bravo 2, Río Bravo, 88950 Cdad. Río Bravo, Tamps., México",Marisquería, Abre a las 10a.m.,Río Bravo
Taqueria El Cuñao,,None Found,,"Calle V. Guerrero 301, Río Bravo 2, Río Bravo, 88910 Cdad. Río Bravo, Tamps., México",Taquería, Abre a las 5:30p.m.,Río Bravo
Mezcalitos Restaurante Terraza Bar,facebook.com,None Found,+52 899 910 1889,"Esquina con, Tabasco, Coahuila Nte 401, 88910 Cdad. Río Bravo, Tamps., México",Restaurante, Abre a las 8a.m.,Río Bravo
"Pescados Y Mariscos ""Los Caracoles""",,None Found,,"88950, H. Colegio Militar & Sur Uno, Cdad. Río Bravo, Tamps., México",Marisquería, Abre a las 10a.m.,Río Bravo
Taquería Los extraviados,,None Found,,"C. Independencia 412, Río Bravo, 88950 Cdad. Río Bravo, Tamps., México",Restaurante especializado en barbacoa, Cierra a las 5p.m.,Río Bravo
Taqueria el primo,,None Found,,"Av Francisco I. Madero 109, Río Bravo 2, Río Bravo, 88959 Cdad. Río Bravo, Tamps., México",Taquería,,Río Bravo
Las Delicias D'Lily,,None Found,+52 899 150 5385,"Av México #715, esq, Mariano Matamoros, Morelos, 88910 Cdad. Río Bravo, Tamps., México",Restaurante, Abre a las 12p.m.,Río Bravo
Mariscos La Reyna,,None Found,+52 899 360 4412,"Av Francisco I. Madero, Col del Valle, 88980 Cdad. Río Bravo, Tamps., México",Marisquería, Abre a las 11a.m.,Río Bravo
Palacios Restaurant y Eventos,,None Found,,"Niños Heroes 281, Río Bravo, 88959 Cdad. Río Bravo, Tamps., México",Restaurante familiar,,Río Bravo
Taqueria La Fe,,None Found,,"San Diego, 88910 Cdad. Río Bravo, Tamps., México",Taquería, Abre a la 1p.m.,Río Bravo
Hamburguesas Mi Ranchito,,None Found,+52 899 933 7086,"16 de Septiembre 103, Río Bravo, 88930 Cdad. Río Bravo, Tamps., México",Hamburguesería, Abre a las 12p.m.,Río Bravo
Sin Remordimientos Restaurant,,None Found,+52 899 934 6516,"88900, Jalisco 412, San Diego, Cdad. Río Bravo, Tamps., México",Bar, Abre a las 7p.m.,Río Bravo
El Pollo Loco,elpolloloco.com.mx,"Cadena de comida rápida local, famosa por los clásicos mexicanos preparados con pollo a la parrilla.",+52 899 934 1442,"Av Constitución 105, Río Bravo 2, México, 88900 Cdad. Río Bravo, Tamps., México",Restaurante especializado en pollo, Abre a las 10a.m.,Río Bravo
"Taqueria ""La FE""",,None Found,,"Col del Valle, 88980 Cdad. Río Bravo, Tamps., México",Taquería, Cierra a las 5p.m.,Río Bravo
Rolls Restaurant & Sushi Bar,,None Found,+52 899 933 7473,"Av. Mexico.309 Plaza Canali, Local 5, Centro, 88900 Cdad. Río Bravo, Tamps., México",Restaurante de sushi, Abre a las 12p.m.,Río Bravo
Mix Rolls,m.facebook.com,None Found,+52 899 299 4118,"Quintana Roo 201, Río Bravo, 88900 Cdad. Río Bravo, Tamps., México",Restaurante de sushi, Abre a las 12p.m.,Río Bravo
Deleite,,None Found,+52 899 933 7004,"Quintana Roo, Río Bravo, Morelos, 88910 Cdad. Río Bravo, Tamps., México",Restaurante,,Río Bravo
Takos Maggie,facebook.com,None Found,,"Río Bravo 2, Río Bravo, 88959 Cdad. Río Bravo, Tamps., México",Taquería, Abre a las 8a.m. del lun,Río Bravo
Fortanelly´s Originale,,None Found,,"Av Francisco I. Madero 1214, Río Bravo, 88900 Cdad. Río Bravo, Tamps., México",Restaurante,,Río Bravo
Mariscos El Mar (ORIGINAL),facebook.com,None Found,+52 899 960 8459,"Av Constitución 1204-1210, Río Bravo, 88900 Cdad. Río Bravo, Tamps., México",Marisquería, Abre a las 8a.m.,Río Bravo
Little Caesars Río Bravo,littlecaesar.com.mx,"Cadena de comida para llevar que ofrece alitas de pollo, palitos de pan y pizza hecha con masa casera.",+52 899 853 3437,"Av Francisco I. Madero 2201, Sin Nombre de Col 1, 88970 Cdad. Río Bravo, Tamps., México",Pizzería, Abre a las 10a.m.,Río Bravo
Bravos Burgers,facebook.com,None Found,+52 899 934 6406,"Av Francisco I. Madero 415-411, Río Bravo, San Diego, 88900 Cdad. Río Bravo, Tamps., México",Restaurante, Abre a la 1p.m.,Río Bravo
"Hamburguesas ""Sr. Carbón""",srcarbonriobravo.com,None Found,+52 899 327 3981,"Las Palmas 112, Río Bravo 2, Río Bravo, 88959 Cdad. Río Bravo, Tamps., México",Hamburguesería, Abre a las 12p.m.,Río Bravo
Las Alitas Del Sushi,,None Found,+52 899 933 7392,"Río Bravo 2, Río Bravo, 88959 Cdad. Río Bravo, Tamps., México",Restaurante japonés,,Río Bravo
Tomodachi Sushi Restaurant,,None Found,+52 899 934 9898,"C. Independencia 218, Río Bravo, 88959 Cdad. Río Bravo, Tamps., México",Restaurante de sushi, Abre a las 10a.m.,Río Bravo
Pollo Asado MATAMOROS,,None Found,+52 899 934 1444,"C. Galeana 101, Río Bravo, 88900 Cdad. Río Bravo, Tamps., México",Restaurante especializado en pollo, Abre a las 10a.m.,Río Bravo
El Pollo del Taco,facebook.com,None Found,,"Av Constitución 336, Río Bravo, 88900 Cdad. Río Bravo, Tamps., México",Restaurante mexicano, Abre a las 10a.m.,Río Bravo
Taqueria La Madero,,None Found,+52 899 453 0042,"Popular, 88980 Cdad. Río Bravo, Tamps., México",Taquería,,Río Bravo
El Patio De La Juárez,,None Found,,"Edilio Hinojosa 381, Ferrocarril Centro, 88900 Cdad. Río Bravo, Tamps., México",Restaurante, Abre a la 1p.m.,Río Bravo
Pescados y Mariscos EL CAMARÓN NORTEÑO,,None Found,,"Av Francisco I. Madero 106, La Paz, 88990 Cdad. Río Bravo, Tamps., México",Marisquería, Abre a las 9a.m.,Río Bravo
Taqueria 77,,None Found,,"88950, Allende 101, Río Bravo, 88959 Cdad. Río Bravo, Tamps., México",Taquería, Abre a las 8a.m.,Río Bravo
Aaron's BBQ,facebook.com,None Found,+52 899 163 9788,"Jalisco 32, INFONAVIT San Diego, 88970 Cdad. Río Bravo, Tamps., México",Restaurante especializado en barbacoa, Abre a las 11a.m.,Río Bravo
Taqueria Don Rafa,,None Found,,"Av Francisco I. Madero 1422, Río Bravo 1, Río Bravo, 88950 Cdad. Río Bravo, Tamps., México",Taquería,,Río Bravo
Rincón de María Botanero,facebook.com,None Found,,"Matamoros esq. constitución 506, Centro, 88950 Cdad. Río Bravo, Tamps., México",Restaurante, Abre a la 1p.m.,Río Bravo
Cocina Económica La Tarasca,,None Found,+52 899 202 6517,"Mercado Fco. I. Madero, Av Francisco I. Madero 100-local 9, Río Bravo, 88900 Cdad. Río Bravo, Tamps., México",Restaurante mexicano, Cierra a las 5p.m.,Río Bravo
Mariscos La Cascada,facebook.com,None Found,+52 899 933 7047,"Av Constitución 411, Río Bravo, 88959 Cdad. Río Bravo, Tamps., México",Marisquería, Abre a las 10a.m.,Río Bravo
Taquería La Higiénica,,None Found,+52 899 961 0236,"Calle Guanajuato #210 Col. Hijos de Ejidatarios, Ferrocarril Centro, 88900 Cdad. Río Bravo, Tamps., México",Taquería, Abre a las 7a.m. del lun,Río Bravo
Taqueria Doña Lolita,,None Found,+52 899 934 6069,"88950, Niños Heroes 404, Cdad. Río Bravo, Tamps., México",Taquería, Abre a las 8a.m.,Río Bravo
Domino's Río Bravo,dominosmx.app.link,Cadena de comida a domicilio o para llevar con gran variedad de pizzas y otros platos y acompañamientos.,+52 899 853 3150,"Av Las Americas s/n, Río Bravo 2, Centro, 88900 Cdad. Río Bravo, Tamps., México",Pizzería, Abre a las 10a.m.,Río Bravo
Tacos MAGGIE,,None Found,,"Pte. 3 105, Río Bravo 1, Río Bravo, 88950 Cdad. Río Bravo, Tamps., México",Taquería, Abre a las 7:30a.m. del lun,Río Bravo
Boneless House Rio Bravo,,None Found,+52 899 548 2085,"Héroes de Nacozari 600, Ferrocarril Centro, 88950 Cdad. Río Bravo, Tamps., México",Restaurante, Abre a las 12p.m.,Río Bravo
El Nuevo Mariscos el Mar,,None Found,+52 899 853 1446,"Av Constitución 707, Río Bravo, 88900 Cdad. Río Bravo, Tamps., México",Marisquería, Abre a las 8a.m.,Río Bravo
Pescados y Mariscos RB,,None Found,+52 899 155 7273,"Jalapa 1455, Nuevo León, 88920 Cdad. Río Bravo, Tamps., México",Marisquería, Abre a las 9:30a.m.,Río Bravo
Crazy Taco,,None Found,,"88950, Av Francisco I. Madero 202, Río Bravo, Cdad. Río Bravo, Tamps., México",Taquería, Cierra a las 9p.m.,Río Bravo
DepAntojitos,,None Found,,"Calle M. Abasolo 205, Río Bravo, 88950 Cdad. Río Bravo, Tamps., México",Restaurante familiar, Abre a las 8a.m. del lun,Río Bravo
Tacos De Erasmo,,None Found,,"Río Bravo, 88959 Cdad. Río Bravo, Tamps., México",Taquería, Abre a las 6:30p.m.,Río Bravo
Pizza De Prizza,pizzadprizza.com,None Found,+52 899 230 5122,"88900, Juárez 112, Río Bravo, 88930 Cdad. Río Bravo, Tamps., México",Pizzería, Abre a las 10a.m.,Río Bravo
La valenciana play kids,,None Found,+52 899 413 1658,"Vicente Guerrero#202, Río Bravo, Ferrocarril Centro, 88900 Cdad. Río Bravo, Tamps., México",Pizzería, Abre a la 1p.m.,Río Bravo
El Molcajete,,None Found,+52 899 155 0629,"Guanajuato 225, Esperanza, 88920 Cdad. Río Bravo, Tamps., México",Taquería, Abre a las 7a.m. del lun,Río Bravo
Taqueria Flamingos,,None Found,,"88950, Av Constitución 1105, Río Bravo 1, Cdad. Río Bravo, Tamps., México",Taquería, Abre a las 8a.m. del lun,Río Bravo
Mariscos La 12 Río Bravo,,None Found,+52 899 207 1565,"88910, Morelos, 88910 Cdad. Río Bravo, Tamps., México",Marisquería, Abre a las 10a.m.,Río Bravo
Pescados y mariscos altamar,,None Found,+52 844 879 2019,"San Luis Potosí 310, Río Bravo, 88900 Cdad. Río Bravo, Tamps., México",Restaurante familiar, Abre a las 8a.m.,Río Bravo
Mr Elote Gourmet,,None Found,+52 899 159 5552,"Juárez #202, Río Bravo, 88900 Cdad. Río Bravo, Tamps., México",Restaurante, Abre a la 1p.m. del lun,Río Bravo
aarons_bbq,facebook.com,None Found,,"Benito Juárez 3, La Paz, 88993 Cdad. Río Bravo, Tamps., México",Restaurante, Abre a las 11a.m.,Río Bravo
Montecarlo Restaurant & Bar,facebook.com,None Found,+52 899 831 7952,"Allende 101, Río Bravo, 88959 Cdad. Río Bravo, Tamps., México",Bar restaurante, Abre a las 10a.m.,Río Bravo
Church's Chicken,churchs.com.mx,"Cadena de comida rápida que ofrece pollo frito, sándwiches, alitas y acompañamientos estilo sureño.",+52 899 934 9400,"Av Francisco I. Madero 302, Río Bravo 2, Río Bravo, 88910 Cdad. Río Bravo, Tamps., México",Restaurante de comida rápida, Abre a las 10a.m.,Río Bravo
Taqueria Los Chulos,,None Found,,"Río Bravo, 88950 Cdad. Río Bravo, Tamps., México",Restaurante, Abre a las 4p.m.,Río Bravo
Antojitos Mexicanos El Rincón,,None Found,+52 899 292 6643,"Avenida Constitución con calle Juárez Mercado Edidal Local #20, 88930 Cdad. Río Bravo, Tamps., México",Restaurante, Abre a las 8a.m. del lun,Río Bravo
La Cabaña Restaurant - Bar,,None Found,,"Francisco Mina 101, Río Bravo 2, Río Bravo, 88910 Cdad. Río Bravo, Tamps., México",Bar restaurante,,Río Bravo
Cenaduria Las Manas,facebook.com,None Found,,"Allende 101, Río Bravo, 88959 Cdad. Río Bravo, Tamps., México",Restaurante, Abre a las 5p.m. del mar,Río Bravo
Casa Oliva,,None Found,+52 899 762 1457,"Av Sonora 112-local 9, Río Bravo, 88900 Cdad. Río Bravo, Tamps., México",Restaurante de brunch, Abre a las 9a.m. del lun,Río Bravo
El Rancho Taqueria,,None Found,+52 899 934 7156,"Av. Mariano Matamoros 301, Cuauhtémoc, 88900 Cdad. Río Bravo, Tamps., México",Restaurante, Cierra a las 10p.m.,Río Bravo
El Culichi Mariscos estilo sinaloa,facebook.com,None Found,+52 899 150 8464,"esquina con rayon, Plaza comercial H4, Av. José María Morelos y Pavón Supermanzana Frac, Río Bravo 2, Río Bravo, 88900 Cdad. Río Bravo, Tamps., México",Restaurante, Abre a las 11a.m.,Río Bravo
"Comidas ""El Hermano""",,None Found,+52 899 934 3575,"88900 Centro, 88900 Cdad. Río Bravo, Tamps., México",Restaurante, Abre a las 8a.m.,Río Bravo
Tacos Y Bulldogs Toro,,None Found,,"16 de Septiembre 101, Río Bravo 2, Río Bravo, 88959 Cdad. Río Bravo, Tamps., México",Taquería, Abre a las 7p.m.,Río Bravo
"Taqueria Doña Mary ""La tradición""",,None Found,,"Allende 506, Río Bravo, 88950 Cdad. Río Bravo, Tamps., México",Restaurante mexicano,,Río Bravo
Chicken Country,,None Found,,"Av Francisco I. Madero, Río Bravo 2, Río Bravo, 88959 Cdad. Río Bravo, Tamps., México",Restaurante,,Río Bravo
Tacos Betin,,None Found,,"88900, Jalapa 208, San Diego, 88910 Cdad. Río Bravo, Tamps., México",Taquería, Abre a las 7a.m. del lun,Río Bravo
Burger Capital,,None Found,+52 899 494 9768,"Av Constitución 306, Río Bravo, 88959 Cdad. Río Bravo, Tamps., México",Hamburguesería, Abre a las 12p.m.,Río Bravo
Campo Bravo,,None Found,+52 427 272 4445,"Panamericana Kilómetro 171, Centro, 76800 San Juan del Río, Qro., México",Bar restaurante, Abre a la 1p.m.,Río Bravo
Food Fighters Río Bravo,facebook.com,None Found,+52 899 110 6522,"Cuarta 211, Hijos de Ejidatarios, 88920 Cdad. Río Bravo, Tamps., México",Restaurante, Abre a las 11a.m.,Río Bravo
"""El Olivo""",,None Found,,"Río Bravo 2, Río Bravo, 88959 Cdad. Río Bravo, Tamps., México",Restaurante mexicano,,Río Bravo
Taqueria Plaza # 3,,None Found,+52 899 947 7079,"Av francisco I madero con, 27 de Febrero 104A, 88940 Cdad. Río Bravo, Tamps., México",Taquería, Abre a las 3p.m.,Río Bravo
Carnes Selectas La Bifería Río Bravo,labiferia.com.mx,None Found,+52 899 934 1110,"Av Francisco I. Madero 504A, entre Rayón y Jalapa, Río Bravo 2, Río Bravo, 88900 Cdad. Río Bravo, Tamps., México",Carnicería, Abre a las 9a.m.,Río Bravo
Mundo Virtual Games Wings,,None Found,+52 899 443 0030,"88900, C. 20 de Noviembre 1911, col 1 de mayo, 88900 Cdad. Río Bravo, Tamps., México",Restaurante de alas de pollo, Abre a las 10a.m.,Río Bravo
Fortanelly's Originale,,None Found,+52 899 961 2400,"Reynosa 298, Río Bravo, 88900 Cdad. Río Bravo, Tamps., México",Restaurante familiar, Abre a las 2p.m.,Río Bravo
Quesadillas del Estado de Hidalgo,,None Found,,"C. Independencia 300, Río Bravo 2, Río Bravo, 88959 Cdad. Río Bravo, Tamps., México",Restaurante de brunch, Abre a las 8a.m.,Río Bravo
Mariscos 7 mares,,None Found,,"Río Bravo, 88959 Cdad. Río Bravo, Tamps., México",Marisquería, Abre a las 10a.m.,Río Bravo
Cafe Sanchez Restaurant,,None Found,,"Insurgentes 1110, Río Bravo, 88950 Cdad. Río Bravo, Tamps., México",Restaurante,,Río Bravo
La Mariscada Pescados y Mariscos,,None Found,+52 899 688 4835,"Coahuila Nte 409A, Río Bravo, 88910 Cdad. Río Bravo, Tamps., México",Marisquería, Abre a las 10:30a.m.,Río Bravo
Vaqueros Pizza,facebook.com,None Found,+52 899 156 6624,"Guanajuato 910, Fundadores, 88900 Cdad. Río Bravo, Tamps., México",Pizzería, Abre a las 12p.m.,Río Bravo
"Antojitos Mexicanos ""La Catrina""",,None Found,+52 899 121 5072,"Ote. 3 100, Río Bravo 1, Río Bravo, 88950 Cdad. Río Bravo, Tamps., México",Restaurante mexicano, Abre a las 7:30a.m. del lun,Río Bravo
Yogurt Natural Santa Fé,,None Found,+52 899 934 0866,"C. Tlaxcala 702, Río Bravo, 88910 Cdad. Río Bravo, Tamps., México",Restaurante, Cierra a las 10:30p.m.,Río Bravo
Rafa's Grill,,None Found,+52 899 798 9560,"415Río, Av Francisco I. Madero Supermanzana Bravo, Río Bravo 2, San Diego, 88900 Cdad. Río Bravo, Tamps., México",Restaurante, Abre a las 11a.m.,Río Bravo
"Tacos ""El primo"" No 2",,None Found,,"88940, Emilio Gómez 125, Primero de Mayo, Cdad. Río Bravo, Tamps., México",Taquería, Abre a las 4p.m.,Río Bravo
Taqueria El Travieso,,None Found,,"88950, Allende 101, Río Bravo, Cdad. Río Bravo, Tamps., México",Taquería, Abre a las 7a.m. del lun,Río Bravo
TORTAS Y HAMBURGUESAS ASAEL,,None Found,,"Av Constitución & H. Galeana, Ferrocarril Centro, 88900 Cdad. Río Bravo, Tamps., México",Hamburguesería, Abre a las 4p.m.,Río Bravo
ChatoDogs🌭🍔,,None Found,+52 899 156 5275,"Av. Mariano Matamoros 310, Ferrocarril Centro, 88950 Cdad. Río Bravo, Tamps., México",Hamburguesería, Cierra a la 1a.m.,Río Bravo
Pescaderia LA SAUTEÑA #3,,None Found,+52 899 934 3928,"Guanajuato #411, Río Bravo, Morelos, 88910 Cdad. Río Bravo, Tamps., México",Marisquería, Abre a las 9a.m.,Río Bravo
